mean_value_ML,mean_value_AP,mean_distance_ML,mean_distance_AP,mean_distance_Radius,maximal_distance_ML,maximal_distance_AP,maximal_distance_Radius,rms_ML,rms_AP,rms_Radius,range_ML,range_AP,range_ML_AND_AP,range_ratio_ML_AND_AP,planar_deviation_ML_AND_AP,coefficient_sway_direction_ML_AND_AP,confidence_ellipse_area_ML_AND_AP,principal_sway_direction_ML_AND_AP,mean_velocity_ML,mean_velocity_AP,mean_velocity_ML_AND_AP,sway_area_per_second_ML_AND_AP,phase_plane_parameter_ML,phase_plane_parameter_AP,LFS_ML_AND_AP,fractal_dimension_ML_AND_AP,zero_crossing_SPD_ML,peak_velocity_pos_SPD_ML,peak_velocity_neg_SPD_ML,peak_velocity_all_SPD_ML,zero_crossing_SPD_AP,peak_velocity_pos_SPD_AP,peak_velocity_neg_SPD_AP,peak_velocity_all_SPD_AP,mean_peak_Sway_Density,mean_distance_peak_Sway_Density,mean_frequency_ML,mean_frequency_AP,mean_frequency_ML_AND_AP,total_power_Power_Spectrum_Density_ML,total_power_Power_Spectrum_Density_AP,power_frequency_50_Power_Spectrum_Density_ML,power_frequency_50_Power_Spectrum_Density_AP,power_frequency_95_Power_Spectrum_Density_ML,power_frequency_95_Power_Spectrum_Density_AP,frequency_mode_Power_Spectrum_Density_ML,frequency_mode_Power_Spectrum_Density_AP,centroid_frequency_Power_Spectrum_Density_ML,centroid_frequency_Power_Spectrum_Density_AP,frequency_dispersion_Power_Spectrum_Density_ML,frequency_dispersion_Power_Spectrum_Density_AP,energy_content_below_05_Power_Spectrum_Density_ML,energy_content_below_05_Power_Spectrum_Density_AP,energy_content_05_2_Power_Spectrum_Density_ML,energy_content_05_2_Power_Spectrum_Density_AP,energy_content_above_2_Power_Spectrum_Density_ML,energy_content_above_2_Power_Spectrum_Density_AP,frequency_quotient_Power_Spectrum_Density_ML,frequency_quotient_Power_Spectrum_Density_AP,short_time_diffusion_Diffusion_ML,long_time_diffusion_Diffusion_ML,critical_time_Diffusion_ML,critical_displacement_Diffusion_ML,short_time_scaling_Diffusion_ML,long_time_scaling_Diffusion_ML,short_time_diffusion_Diffusion_AP,long_time_diffusion_Diffusion_AP,critical_time_Diffusion_AP,critical_displacement_Diffusion_AP,short_time_scaling_Diffusion_AP,long_time_scaling_Diffusion_AP,Label
0.046123,-1.461512,0.385651,0.543167,0.73073,1.990957,3.392738,3.563114,0.486396,0.713827,0.863788,2.938598,5.487259,5.660677,0.535531,0.863788,-0.11538,6.502487,8.17892,0.751223,1.80027,2.082292,0.453488,1.10304,2.456606,38.38918,2.259947,609,0.914419,0.947741,0.93108,664,2.444778,2.268189,2.35635,0.692873,0.579309,0.344465,0.586103,0.45368,9.591152,28.023391,0.275275,0.383717,1.042709,1.509843,0.15015,0.15015,0.531382,0.734979,0.678421,0.685841,7.799288,16.399796,1.716937,10.847384,0.074928,0.776212,0.007874,0.028488,0.352351,0.387064,1.059149,0.387522,0.827853,0.010303,1.509905,0.919846,0.731532,0.927016,0.780243,-0.012418,C
0.0425,-0.365777,0.532939,0.484075,0.806206,2.655908,1.882897,2.862772,0.692067,0.611752,0.923687,4.831125,3.472476,5.234222,1.391262,0.923687,-0.147244,7.89535,65.013225,1.797017,1.563116,2.643301,0.664627,2.49875,2.122516,40.134876,2.353989,468,2.484448,2.574957,2.529606,507,2.090614,2.191316,2.140965,0.4465,0.829212,0.596273,0.571017,0.521994,28.515781,25.017812,0.358692,0.367034,1.676677,1.39306,0.15015,0.15015,0.769603,0.694465,0.666549,0.670305,17.570191,16.078291,10.278456,8.2821,0.667134,0.657422,0.023956,0.026987,2.105926,0.936534,0.613918,0.941689,0.824806,-0.005626,1.397278,0.788905,0.703945,0.789882,0.812403,-0.001764,C
0.496358,-1.401023,0.364302,0.400104,0.606724,2.190242,1.755362,2.219504,0.481193,0.506953,0.698962,3.597115,3.442918,3.627351,1.044787,0.698962,0.093841,4.579032,30.463662,0.742287,1.185803,1.534157,0.299844,1.060709,1.618867,40.164544,2.179861,727,0.848929,0.877055,0.862992,602,1.479748,1.513638,1.496665,0.936365,0.420978,0.360313,0.524095,0.402572,10.872509,16.603168,0.266934,0.291959,0.859193,1.334668,0.233567,0.225225,0.467397,0.624935,0.662218,0.702836,9.612225,12.693116,1.204683,3.683593,0.055602,0.22646,0.00514,0.013828,0.319075,0.282832,0.923082,0.279504,0.827185,0.073962,0.812678,0.352416,0.580691,0.334341,0.817032,0.048434,C
0.314393,-0.549541,0.573516,0.48697,0.825558,2.559821,1.802601,2.829481,0.721078,0.59938,0.937662,4.831292,3.574774,5.147247,1.351496,0.937662,-0.111598,8.097866,74.512005,1.251245,1.495727,2.162471,0.594851,1.825449,2.047409,32.012998,2.214972,472,1.606141,1.693395,1.64986,425,2.024766,1.93057,1.977668,0.551764,0.783611,0.385804,0.543151,0.41703,26.752698,24.267392,0.25025,0.458792,1.267935,1.201201,0.15015,0.375375,0.551745,0.697909,0.695779,0.564541,21.647088,13.347756,4.938685,10.615713,0.166925,0.303923,0.006279,0.012683,1.241633,1.037776,0.900789,1.037714,0.858537,0.00029,1.850512,0.334793,0.331613,0.268558,0.87433,0.099857,C
1.412529,0.186249,0.929037,1.09483,1.59927,3.859579,4.202153,4.317307,1.164596,1.377935,1.804158,6.999884,8.376921,8.524807,0.835615,1.804158,-0.028722,30.243483,4.822519,3.061922,4.586873,6.083899,3.004698,4.292364,6.296091,24.115535,2.47182,439,4.386301,4.276854,4.331577,629,6.480058,5.663266,6.071662,0.177961,1.827326,0.582815,0.740867,0.605655,87.752878,109.075621,0.408742,0.675676,1.559893,1.885219,0.15015,0.15015,0.771661,1.011206,0.635387,0.61809,50.148406,40.673672,36.459566,63.970565,1.144906,4.431385,0.013219,0.042347,6.794498,2.389119,0.525351,2.303989,0.840059,0.028184,9.677386,2.811869,0.427816,2.63117,0.766941,0.039114,C
-0.074822,-0.670231,0.536776,0.641342,0.924002,2.167293,3.118029,3.136844,0.668556,0.815367,1.054415,3.966801,6.053085,6.106101,0.655336,1.054415,0.004229,10.277672,0.606326,2.362388,3.285553,4.477307,1.274822,3.176197,4.508235,52.223849,2.663463,495,3.116652,3.457319,3.286986,566,4.837004,4.228287,4.532107,0.247796,1.375374,0.778266,0.905918,0.771452,44.85319,55.894793,0.442109,0.759092,1.509843,1.810143,0.266934,0.175175,0.801001,1.006421,0.625052,0.562871,25.41327,16.362401,18.621733,37.173219,0.818186,2.359173,0.01858,0.044067,3.619962,0.802318,0.396876,0.77944,0.830857,0.015652,5.83857,0.963118,0.295512,0.847091,0.79178,0.052651,C
-0.570433,0.032627,0.758754,0.872423,1.271154,2.828361,3.006713,3.570742,0.935703,1.060017,1.413922,5.35156,5.857684,6.155406,0.913597,1.413922,-0.134547,18.530668,23.545896,1.834045,3.625626,4.409503,1.749808,2.542922,4.74421,28.526287,2.414448,462,2.33697,2.427745,2.382259,602,4.984135,4.797029,4.890426,0.244433,1.432854,0.427444,0.734896,0.552276,69.893046,76.610001,0.233567,0.592259,0.992659,1.89356,0.175175,0.266934,0.481756,0.890529,0.701604,0.601866,59.901328,30.034577,9.487584,43.506771,0.504134,3.068653,0.007265,0.041727,2.469039,1.537497,0.753727,1.518626,0.859533,0.02184,6.111176,1.373405,0.352587,1.188327,0.785438,0.069426,C
1.020439,1.155543,0.358362,0.505092,0.685932,1.685598,2.211084,2.230987,0.449434,0.649039,0.789457,2.940672,4.225955,4.253631,0.69586,0.789457,-0.019933,5.49867,1.5179,1.415122,1.609928,2.400851,0.522669,1.986602,2.20968,52.342479,2.4141,502,1.927771,1.944573,1.936189,523,2.250574,2.142845,2.19671,0.485081,0.766236,0.6983,0.563646,0.557249,20.260677,30.566042,0.375375,0.316984,1.49316,1.384718,0.266934,0.15015,0.720514,0.643807,0.648415,0.692483,13.297294,22.7232,6.607511,7.298392,0.355873,0.544449,0.017879,0.018135,1.349303,0.336999,0.415257,0.317018,0.824015,0.034773,1.512792,0.841585,0.696596,0.839657,0.81416,0.003173,C
-0.587521,0.24534,0.392368,0.636295,0.822357,1.943137,2.356101,2.515156,0.503095,0.803443,0.947959,3.873608,4.512885,4.567551,0.858344,0.947959,0.12739,7.558918,7.352441,1.839268,1.646312,2.74348,0.723733,2.486195,2.234836,43.509982,2.395529,519,2.645094,2.491358,2.568226,628,2.208947,2.148983,2.178917,0.445844,0.754735,0.828936,0.457534,0.531137,22.019478,27.154122,0.500501,0.291959,1.74341,1.334668,0.2002,0.15015,0.891513,0.676898,0.629642,0.724707,10.901236,19.430209,10.481888,7.138668,0.636354,0.585246,0.02976,0.022028,1.93848,0.410295,0.362158,0.376621,0.806567,0.042157,1.176421,1.195743,1.010795,1.196251,0.778386,0.019765,C
-0.287934,1.146017,0.545481,0.554715,0.868661,2.785144,3.257135,3.339562,0.689989,0.741647,1.012978,5.223135,5.432603,5.527638,0.961443,1.012978,0.053145,9.634572,18.166567,2.472795,2.52357,3.966352,1.154977,3.463785,3.496659,49.352097,2.586975,418,3.789858,3.650602,3.720063,476,3.565644,3.43093,3.498145,0.26959,1.372192,0.801639,0.804481,0.726953,49.785676,47.269713,0.483817,0.650651,1.518185,1.526527,0.358692,0.166834,0.805651,0.857626,0.588862,0.587988,25.524939,18.392026,23.429852,27.769737,0.830885,1.10795,0.016973,0.024001,4.717523,0.970229,0.395199,0.983552,0.844424,-0.007346,4.451831,0.946603,0.383002,0.898273,0.833892,0.027303,C
0.327527,-0.845172,0.34036,0.500534,0.663668,1.417301,2.436175,2.512345,0.416265,0.630324,0.755371,2.752018,4.709058,4.788078,0.58441,0.755371,-0.03718,4.943569,2.488586,1.518231,2.179286,2.943777,0.578135,1.965346,2.933381,71.385684,2.616981,523,1.976587,2.003753,1.99017,601,2.973672,2.759201,2.866437,0.354327,0.933742,0.788804,0.76993,0.706187,13.389163,30.684045,0.517184,0.583917,1.609943,1.64331,0.216884,0.2002,0.859695,0.879225,0.610702,0.628597,6.587013,13.354652,6.490349,16.360337,0.3118,0.969057,0.023843,0.032612,1.311086,0.286366,0.386412,0.275086,0.821119,0.021131,2.363786,0.522008,0.352508,0.456419,0.788643,0.064388,C
0.103607,2.31778,0.94059,1.259092,1.69943,3.631072,4.724511,5.335441,1.167479,1.523845,1.919664,6.280374,7.947655,8.466807,0.790217,1.919664,-0.010453,33.540795,1.110415,3.371081,3.074205,5.046017,2.636498,4.635213,4.300182,18.035247,2.302086,527,4.289364,4.753882,4.521623,771,4.198507,4.195052,4.196779,0.214175,1.536861,0.633781,0.431763,0.472727,68.703754,50.074475,0.642309,0.375375,1.659993,1.835169,0.15015,0.15015,0.889296,0.915187,0.605446,0.729095,26.749128,29.803987,40.02737,18.188098,1.927256,2.082389,0.028861,0.04339,7.333657,2.906609,0.575196,2.936816,0.827374,-0.009347,2.754488,0.754341,0.254771,0.403023,0.702796,0.229215,C
-0.986173,-0.524954,1.971651,1.702358,2.813432,21.00161,29.327987,35.499222,3.954826,2.948524,4.932995,32.329484,42.112242,47.151557,0.767698,4.932995,0.505409,189.709661,60.256779,6.455189,7.182093,11.032195,21.336261,20.571072,24.046436,6.971387,2.247696,544,10.681596,10.265665,10.473248,521,13.622729,13.573033,13.597881,0.179504,3.226988,0.57896,0.746054,0.624296,906.326567,517.035096,0.408742,0.984318,2.385719,3.061395,0.15015,0.15015,1.049284,1.529058,0.726945,0.613529,511.398816,141.072331,335.948876,272.142936,58.978875,103.819828,0.069604,0.251249,44.519486,44.092339,0.992938,44.129843,0.620195,-0.059984,29.125451,17.934401,0.609993,17.982404,0.487772,-0.002704,C
-0.61733,0.104905,0.251984,0.303147,0.441484,1.214074,1.63356,1.634081,0.3317,0.38575,0.508751,2.184807,2.77243,2.772462,0.788048,0.508751,-0.034339,2.411029,6.384085,0.592407,0.770564,1.085594,0.160529,0.84967,1.061466,53.977362,2.165042,663,0.660588,0.652175,0.656382,635,0.972933,0.889895,0.931414,1.593567,0.280932,0.415736,0.449495,0.391487,4.880802,7.428279,0.316984,0.325325,1.217885,1.109443,0.15015,0.15015,0.595551,0.601252,0.649308,0.673324,3.574733,5.439002,1.267563,1.87876,0.038505,0.110517,0.007952,0.015103,0.251005,0.227601,0.944307,0.227765,0.847766,-0.006287,0.354784,0.26823,0.842556,0.267131,0.828205,0.011977,C
0.315572,-1.169136,0.30421,0.473987,0.615013,1.355967,2.159009,2.161206,0.391668,0.596278,0.713408,2.703754,4.036727,4.040337,0.669789,0.713408,0.060377,4.395226,3.971051,1.127514,1.636471,2.204917,0.431163,1.510592,2.331063,60.159282,2.433915,637,1.435576,1.334208,1.384892,561,2.120483,2.128122,2.124302,0.619763,0.717729,0.655417,0.610537,0.570786,12.795759,22.269175,0.441961,0.617078,1.392595,1.425951,0.433622,0.1501,0.714721,0.83865,0.635505,0.610625,7.840501,9.402466,4.713745,12.335202,0.241514,0.531506,0.019238,0.024451,0.711101,0.22137,0.460891,0.201484,0.814043,0.060757,1.922564,0.689337,0.53564,0.678817,0.833795,0.012317,C
-0.032737,1.311248,0.415371,0.453362,0.674452,1.780413,2.001027,2.062093,0.522507,0.5725,0.775094,3.164473,3.650847,3.920418,0.866778,0.775094,-0.010009,5.639668,3.121352,1.282001,1.146607,1.904905,0.419364,1.795248,1.588708,40.491737,2.248611,415,1.82178,1.668679,1.74523,410,1.43996,1.4403,1.44013,0.698162,0.728314,0.545785,0.447239,0.449663,20.746701,26.327453,0.408742,0.316984,1.176176,0.909243,0.175175,0.175175,0.652995,0.515966,0.603,0.610053,12.364098,20.325363,8.131046,5.833957,0.251556,0.168133,0.012274,0.006427,1.42145,0.530982,0.570606,0.533376,0.873537,-0.004008,1.173481,0.66193,0.725114,0.661342,0.892054,0.001383,C
0.588743,-1.14393,0.615953,0.769811,1.088732,2.534497,3.389539,3.478336,0.79415,0.96434,1.24925,4.973992,6.52679,6.625527,0.762089,1.24925,-0.011778,14.438079,1.724859,1.706713,2.564557,3.412503,1.14973,2.411166,3.466061,28.343614,2.322414,377,2.317243,2.210132,2.263688,471,3.319171,2.994722,3.156947,0.336617,1.446326,0.489985,0.589112,0.499019,53.531231,80.766774,0.325217,0.391928,1.017345,1.067378,0.166778,0.183456,0.532311,0.614095,0.610006,0.60523,40.75387,50.501398,12.3804,29.440578,0.396961,0.824797,0.007471,0.010317,2.809441,1.355931,0.670378,1.374733,0.893599,-0.017218,5.433464,1.723843,0.516656,1.703451,0.878224,0.00901,C
-0.052043,-1.477927,0.458484,0.489855,0.741608,2.179304,2.020921,2.349673,0.5872,0.624164,0.856963,3.925942,3.999991,4.555275,0.981488,0.856963,0.155009,6.826701,34.245723,1.753254,1.29772,2.411895,0.584982,2.367415,1.811569,42.353985,2.340979,545,2.216641,2.118269,2.167455,596,1.674171,1.66422,1.669204,0.473526,0.88294,0.676225,0.468472,0.517784,28.272352,18.708133,0.533867,0.35035,1.276276,1.251251,0.367034,0.216884,0.737591,0.658795,0.52876,0.666932,13.409503,12.901343,14.657172,5.563418,0.205678,0.243372,0.007328,0.01318,2.408797,0.563647,0.419002,0.532393,0.867649,0.032789,1.006831,0.838521,0.89881,0.844754,0.822605,-0.034707,C
0.591046,-1.090741,0.472877,0.516998,0.774256,1.913289,1.839776,2.124579,0.58718,0.637036,0.866369,3.510059,3.622145,3.840061,0.969055,0.866369,0.118943,7.002422,27.776444,1.439091,1.275544,2.119523,0.523666,1.964945,1.749103,36.285793,2.247692,458,1.973805,2.014602,1.994159,574,1.687408,1.770294,1.728923,0.527924,0.604874,0.538159,0.436291,0.435831,19.371904,15.219864,0.375375,0.308642,1.418085,1.301301,0.15015,0.15015,0.727624,0.704355,0.652994,0.706567,11.480674,10.36622,7.53959,4.540477,0.35164,0.313166,0.018488,0.021008,1.400554,0.65151,0.628852,0.642297,0.840311,0.015351,0.797872,0.250588,0.383909,0.174063,0.795181,0.190313,C
1.640801,-1.259105,0.615639,0.759145,1.087389,2.599062,2.978124,3.120527,0.785734,0.969221,1.247705,5.035034,5.811957,5.812088,0.866323,1.247705,0.119532,14.25545,14.741489,1.789329,1.505065,2.605803,0.938531,2.512383,2.280531,21.913277,2.157498,475,2.346269,2.559796,2.453032,437,1.973317,2.118938,2.046127,0.43931,0.971204,0.513966,0.35059,0.381524,42.990424,34.015325,0.308642,0.291959,1.326326,1.167835,0.166834,0.158492,0.639902,0.596244,0.688232,0.677466,31.716994,25.46633,10.506003,8.052482,0.767427,0.496513,0.018176,0.014813,2.141168,0.857513,0.548478,0.789617,0.830456,0.068671,1.877036,1.342222,0.809365,1.305763,0.857912,0.065101,C
0.379529,0.056079,0.418844,0.562064,0.780404,1.645538,2.691264,2.696632,0.521784,0.72018,0.889336,3.283576,4.878811,4.883168,0.673028,0.889336,0.020453,7.083503,1.784747,1.659212,1.360943,2.385781,0.60617,2.19631,1.876713,40.390029,2.321155,513,2.226394,2.190642,2.208518,629,1.800788,1.685959,1.743373,0.461998,0.808778,0.700519,0.428178,0.486717,19.912756,17.189345,0.550367,0.37525,1.417612,1.309206,0.350233,0.308539,0.803201,0.718758,0.565342,0.657016,8.748203,11.041272,10.922434,5.838473,0.242119,0.309599,0.012309,0.018341,1.929353,0.368613,0.343695,0.31174,0.853356,0.078453,0.976848,0.353032,0.460947,0.278582,0.809984,0.152909,C
0.104987,0.293239,0.342162,0.359558,0.553491,1.426378,1.586854,1.616735,0.441654,0.454758,0.633927,2.609456,2.81147,2.912944,0.928146,0.633927,-0.316508,3.592099,42.360624,1.128381,0.748085,1.485014,0.273473,1.512239,1.065832,49.559745,2.233888,515,1.385867,1.372333,1.3791,442,0.972794,0.922809,0.947745,0.858719,0.438032,0.583169,0.367919,0.427155,16.039798,11.300262,0.333667,0.241909,1.34301,0.950951,0.175175,0.15015,0.627451,0.482596,0.643584,0.660003,11.391096,9.130239,4.525738,2.115268,0.122963,0.054756,0.007725,0.004869,0.916234,0.276562,0.471835,0.252422,0.858159,0.060798,0.460399,0.403693,0.929401,0.404777,0.879296,-0.018325,C
-0.144313,-0.188678,0.265154,0.417671,0.543909,1.301688,1.53317,1.673003,0.341874,0.515907,0.618901,2.345028,2.820664,2.919616,0.831375,0.618901,-0.023549,3.324483,1.592491,0.990759,0.975634,1.552911,0.271354,1.374248,1.36745,55.997572,2.287128,480,1.394917,1.401264,1.398097,389,1.344318,1.257455,1.300886,0.760891,0.419908,0.660754,0.413069,0.454554,7.813241,15.627203,0.45045,0.325325,1.685018,1.117784,0.15015,0.15015,0.849133,0.571817,0.637355,0.625779,4.35102,10.919134,3.298986,4.598001,0.163234,0.110068,0.021338,0.007093,0.6195,0.218872,0.523403,0.215192,0.816632,0.013095,0.850812,0.384562,0.622261,0.365668,0.890042,0.053099,C
-1.534256,2.498157,0.459632,0.472725,0.741861,1.931723,2.689508,2.696558,0.569078,0.612482,0.836052,3.776198,4.519428,4.614944,0.835548,0.836052,0.037726,6.566937,13.574901,1.269816,1.222307,1.957619,0.461449,1.729831,1.756619,35.736508,2.218197,461,1.727021,1.679213,1.703117,431,1.705614,1.658227,1.681921,0.626857,0.564497,0.488541,0.457237,0.420118,12.295683,16.575224,0.500501,0.35035,1.476476,1.434768,0.166834,0.158492,0.802812,0.694862,0.596011,0.645886,6.111849,10.279572,6.01741,6.065825,0.166424,0.229827,0.013721,0.014061,1.135421,0.24757,0.364414,0.203672,0.851069,0.096676,1.154737,0.280216,0.359967,0.202825,0.851135,0.158169,C
0.656315,0.992052,0.421642,0.366268,0.625169,2.669199,1.931222,2.939582,0.561195,0.491667,0.746107,4.160787,3.842164,4.388028,1.082928,0.746107,0.013679,5.201774,87.055943,1.194375,1.110115,1.805517,0.379207,1.695399,1.516835,41.609908,2.240322,422,1.687386,1.584566,1.636098,508,1.465433,1.445132,1.455302,0.697066,0.510155,0.500918,0.535968,0.4598,15.790332,13.134715,0.417084,0.333667,1.476476,1.351351,0.191859,0.15015,0.717794,0.680061,0.618035,0.670034,9.021197,8.91559,6.606458,3.989824,0.162677,0.229301,0.01041,0.017768,1.157285,0.668367,0.731152,0.674626,0.861728,-0.014883,0.787326,0.316813,0.560425,0.299525,0.834494,0.048451,C
0.463394,0.707477,0.380637,0.521663,0.711506,1.655926,2.31282,2.402414,0.476522,0.653552,0.808829,3.285597,4.45906,4.563905,0.736836,0.808829,-0.029564,5.869226,2.62951,1.557719,2.477654,3.227101,0.692817,2.157801,3.42331,65.914115,2.622187,393,2.60624,2.47147,2.538855,430,3.629477,3.687564,3.658588,0.34541,0.99556,0.723682,0.839886,0.722102,20.081028,34.091503,0.375375,0.850851,1.726727,1.768435,0.158492,0.967634,0.79939,1.00444,0.670206,0.519327,12.838059,9.098762,6.855275,23.889229,0.387694,1.103512,0.019687,0.033452,1.540752,0.437801,0.457347,0.431305,0.813748,0.009554,4.340943,0.593124,0.283064,0.530307,0.832906,0.04435,C
-0.446219,0.732869,0.622419,0.62176,0.985774,2.928723,3.296041,3.551768,0.815323,0.805616,1.146197,5.431928,5.47725,5.819421,0.991725,1.146197,-0.102925,12.318335,48.319377,1.752037,1.884863,2.870692,0.936301,2.437967,2.579431,27.937103,2.260988,459,2.514375,2.421171,2.467773,572,2.385835,2.491038,2.438528,0.401893,0.932255,0.497772,0.536076,0.463633,32.86203,41.325601,0.308642,0.408742,1.451451,1.142809,0.15015,0.216884,0.700099,0.665211,0.681826,0.645783,21.45906,27.006513,10.684866,13.429513,0.718104,0.889575,0.02234,0.022,1.961615,1.370681,0.805353,1.371029,0.827367,-0.000585,2.085103,0.932621,0.587401,0.87251,0.818724,0.062612,C
-0.662837,-1.091572,0.673717,0.676891,1.059295,4.698061,4.695464,6.5211,0.897351,0.914187,1.281006,8.596092,7.373777,9.579256,1.165765,1.281006,0.079165,15.418396,38.392435,2.962628,2.251805,4.113793,1.63839,4.262917,3.642348,31.99594,2.431058,451,4.07451,4.216972,4.145741,470,3.107722,3.197564,3.152739,0.294684,1.451706,0.777624,0.588277,0.618288,72.73825,54.166092,0.533689,0.483656,1.709473,1.551034,0.1501,0.158439,0.856819,0.813961,0.601343,0.637247,34.048655,27.86689,36.74747,24.787068,1.942125,1.512134,0.027433,0.028718,6.801066,1.579761,0.412075,1.545171,0.835794,0.012486,4.399213,1.29237,0.452129,1.197071,0.819833,0.04825,C
0.272911,1.656731,0.519944,0.575396,0.855419,2.178393,2.558284,2.648585,0.658102,0.709799,0.967943,4.071717,4.462075,4.712618,0.912516,0.967943,0.375969,8.160996,39.308243,1.459823,2.270516,2.965142,0.80242,1.983762,2.967283,43.556099,2.424094,467,1.974854,1.887051,1.930952,621,3.253448,3.158615,3.206032,0.358695,0.841856,0.496494,0.697795,0.551864,20.141886,28.243912,0.375375,0.442109,1.409743,1.935269,0.25025,0.417084,0.716715,0.910682,0.630708,0.681653,12.334734,16.532815,7.516289,10.412473,0.290863,1.298624,0.014652,0.048195,1.482806,0.28647,0.307563,0.19942,0.850785,0.153605,1.769993,0.407633,0.316472,0.326782,0.734205,0.096076,C
-0.686225,0.85474,0.374547,0.451515,0.643791,1.547723,1.809493,1.849449,0.458897,0.558162,0.722586,2.581659,3.204653,3.207298,0.805597,0.722586,0.182718,4.747977,21.417387,0.956462,1.086335,1.618744,0.34245,1.364118,1.535293,40.871093,2.201171,495,1.287027,1.16512,1.226073,416,1.506061,1.38566,1.445716,0.714263,0.53446,0.451576,0.425463,0.400312,11.080229,14.944301,0.375375,0.442109,1.217885,1.092759,0.166834,0.15015,0.633356,0.630237,0.628949,0.577177,7.525619,8.905647,3.401465,5.875152,0.153144,0.163503,0.014015,0.011062,0.625797,0.485213,0.86375,0.490435,0.83201,-0.036545,0.953801,0.260868,0.417055,0.208614,0.869015,0.127801,C
1.891891,-0.050766,0.454167,0.439308,0.706994,5.505638,2.935593,5.568628,0.66422,0.577876,0.880414,8.003335,4.704849,8.005709,1.701082,0.880414,0.001254,7.236918,89.742898,1.422164,1.60719,2.401216,0.630427,2.717297,2.378882,39.776298,2.318192,490,1.91015,1.953578,1.931908,535,2.328796,2.158851,2.243824,0.640615,0.782168,0.553738,0.646947,0.54073,32.477362,25.730333,0.458792,0.4004,1.484818,1.451451,0.183517,0.216884,0.79877,0.794276,0.644832,0.665891,17.397069,15.819311,14.432088,9.386204,0.648206,0.524818,0.020365,0.020822,2.471581,0.842482,0.516265,0.832777,0.822712,0.008763,1.68173,0.562693,0.493061,0.540058,0.803186,0.029032,C
-0.144275,-0.685701,0.4144,0.464885,0.686171,1.926376,1.704777,2.113013,0.523698,0.563313,0.769143,3.261799,3.144204,3.605398,1.037401,0.769143,0.021747,5.56077,8.295671,1.452244,0.785065,1.799276,0.425266,2.079344,1.191082,38.789086,2.217466,476,1.904278,2.061592,1.9831,529,1.015286,1.030107,1.022697,0.757348,0.510103,0.619712,0.298628,0.417475,15.84946,9.244763,0.458792,0.266934,1.651652,1.051051,0.158492,0.15015,0.842823,0.552199,0.617716,0.685808,8.384506,7.208549,7.079894,1.919775,0.38506,0.116439,0.0249,0.012756,1.441734,0.531755,0.548146,0.538317,0.819305,-0.0102,0.397539,0.262772,0.739523,0.241438,0.826315,0.140304,C
0.485613,1.500554,0.541055,0.699562,0.97376,2.038641,2.544108,2.596682,0.67552,0.855077,1.089717,4.027119,4.477467,4.48757,0.899419,1.089717,-0.107407,10.827569,12.149355,2.074572,1.468491,2.802544,0.922852,2.777141,2.080074,31.029031,2.287131,452,3.059564,2.932385,2.996116,655,2.043283,1.969849,2.006566,0.43349,0.743322,0.678042,0.371206,0.458211,28.791852,15.368637,0.383717,0.367034,1.685018,1.701702,0.15015,0.15015,0.873704,0.820956,0.644001,0.712565,16.551455,9.912188,11.651835,4.924565,0.588563,0.531883,0.020869,0.035849,2.664919,0.810991,0.475219,0.782372,0.823679,0.024145,0.8329,0.288268,0.403001,0.212557,0.751365,0.167626,C
0.450919,-0.665793,0.572556,0.501174,0.839727,2.900849,2.597523,3.007655,0.738857,0.632632,0.972693,5.738425,4.914141,5.747515,1.167737,0.972693,0.113497,8.755941,71.967205,2.077872,1.439353,2.775399,0.742044,2.853413,1.978319,38.011426,2.352038,430,3.171536,3.249446,3.2104,520,1.77329,1.898833,1.836183,0.392306,0.934218,0.641757,0.507865,0.526202,39.703382,27.712903,0.37525,0.425284,1.684456,1.017345,0.233489,0.458639,0.759893,0.617781,0.658,0.594495,25.189258,17.552552,13.817331,9.793519,0.696793,0.366832,0.017863,0.013414,2.700906,0.898236,0.503416,0.877617,0.818934,0.016918,1.437149,0.443649,0.457818,0.38191,0.848113,0.0959,C
1.014188,2.106025,0.617845,0.495373,0.869867,3.462317,3.367522,3.69061,0.778577,0.636498,1.00564,5.973952,5.007911,6.537655,1.192903,1.00564,0.039204,9.336234,84.531099,2.378456,1.835736,3.314139,0.990412,3.515877,2.777462,42.554522,2.456831,492,3.432776,3.342241,3.387601,736,2.500295,2.44104,2.470627,0.40037,0.951015,0.680746,0.655311,0.606573,33.530765,21.865792,0.4004,0.35035,1.64331,1.34301,0.15015,0.275275,0.843051,0.731859,0.651212,0.706358,18.389397,15.39726,14.307841,5.95098,0.833527,0.517552,0.025492,0.024243,3.547474,1.316785,0.546066,1.361065,0.79169,-0.027334,1.247185,0.568804,0.553962,0.543824,0.702619,0.038017,C
0.521884,-3.563695,0.354986,0.589727,0.755857,1.70931,3.382485,3.444636,0.460812,0.785624,0.910798,2.638662,5.707574,5.750923,0.462309,0.910798,-0.087335,6.799598,4.438646,0.612232,1.373309,1.643482,0.397288,0.969912,2.180903,28.975333,2.10597,445,0.632439,0.681159,0.656799,365,1.698543,1.687476,1.693009,0.958808,0.683727,0.304983,0.411801,0.346171,15.16652,33.311815,0.233567,0.392059,0.809142,1.067734,0.175175,0.15015,0.384475,0.590297,0.62203,0.557402,13.870775,20.273546,1.264584,12.896262,0.03116,0.142007,0.002059,0.004281,0.433622,0.402239,0.960491,0.40293,0.910556,-0.021281,2.564119,1.125236,0.640525,1.133363,0.916369,-0.008077,C
0.864028,-2.063879,0.245919,0.328166,0.456635,1.168079,1.628034,1.659017,0.313475,0.422244,0.525886,2.028571,2.861795,2.880229,0.708846,0.525886,-0.026314,2.494726,2.487528,0.531268,0.856419,1.109047,0.159528,0.755021,1.20435,53.293437,2.167569,628,0.614215,0.608454,0.61133,405,1.105716,1.022432,1.064074,1.305337,0.35083,0.382024,0.46149,0.386675,4.604519,10.802675,0.291959,0.375375,1.009343,1.067734,0.191859,0.15015,0.533159,0.58986,0.648715,0.581143,3.601488,6.821439,0.974286,3.919784,0.028745,0.061451,0.006282,0.005721,0.193341,0.112649,0.698522,0.105102,0.849423,0.096639,0.711258,0.2785,0.579411,0.266489,0.899418,0.040391,C
-0.897942,-0.829389,0.720832,0.847275,1.235326,3.864359,4.312922,4.819994,0.930161,1.061947,1.411712,7.179593,7.30628,7.978486,0.98266,1.411712,0.149811,18.413626,24.213078,4.171167,5.028581,7.243759,2.790062,5.654161,6.582658,47.159742,2.842751,680,5.608689,5.544023,5.576309,927,6.789032,6.698818,6.743925,0.137571,1.420367,1.023278,1.04952,0.933571,77.123688,48.016673,0.650651,0.709042,1.918585,2.827828,0.325325,0.15015,1.001509,1.357644,0.594315,0.648415,27.363018,16.334517,46.438863,25.181801,3.321807,6.500355,0.04501,0.156573,7.664682,1.375389,0.308751,1.280944,0.761145,0.030266,3.590505,0.702991,0.171527,0.465225,0.579555,0.117079,C
-0.031976,0.209776,0.434121,0.547187,0.770976,2.777685,2.789417,2.84783,0.55972,0.704352,0.899665,4.456555,4.844314,4.846702,0.919956,0.899665,-0.179736,7.312,18.890584,1.37113,1.29315,2.082782,0.560747,1.958202,1.82256,34.158535,2.223366,479,1.745352,1.843975,1.794663,454,1.761034,1.526636,1.644094,0.607299,0.725078,0.558519,0.417911,0.430099,17.360262,20.930708,0.483656,0.400267,1.442628,1.109073,0.1501,0.283522,0.780397,0.646143,0.607398,0.592116,8.862634,12.435553,8.24774,8.242727,0.249888,0.252428,0.014604,0.012207,1.44133,0.545316,0.549853,0.523906,0.846014,0.033484,1.32633,0.442883,0.488788,0.381361,0.870618,0.104465,C
-1.128811,-1.628981,0.717441,0.573678,1.010955,2.499047,2.089458,2.868337,0.903318,0.714512,1.151742,4.783465,4.159016,5.35271,1.150143,1.151742,-0.158042,12.016128,73.130768,1.608782,1.648885,2.555784,0.785148,2.364742,2.270491,25.498011,2.196607,383,2.20011,2.223071,2.21159,438,2.32996,2.278248,2.304163,0.43652,0.980752,0.396534,0.508267,0.402492,34.706375,31.571717,0.3003,0.367034,1.259593,1.19286,0.175175,0.241909,0.6219,0.634126,0.643172,0.644531,23.944257,21.465614,10.531861,9.620228,0.230257,0.485875,0.006679,0.01563,2.386868,1.371825,0.726892,1.362489,0.878852,0.010704,1.918362,0.635541,0.490016,0.572686,0.847372,0.072997,C
0.709681,0.121292,0.804048,0.700263,1.193197,4.71416,3.042738,4.865762,1.082452,0.86593,1.386195,7.213631,5.767751,7.795173,1.250684,1.386195,0.132919,17.515708,74.715801,1.914792,2.686684,3.642992,1.445247,2.750989,3.653813,24.933159,2.30145,539,2.612402,2.661121,2.636762,574,4.072773,3.679967,3.876712,0.301866,1.112121,0.421123,0.678462,0.486084,37.923974,36.813164,0.375375,0.650651,1.384718,1.99366,0.15015,0.166834,0.732181,1.000435,0.676411,0.612674,24.911106,12.375399,12.371814,22.608185,0.641054,1.829579,0.017194,0.052298,2.207418,1.427692,0.746684,1.368155,0.818795,0.072911,3.342201,0.61434,0.249823,0.392797,0.77184,0.161231,C
0.202183,1.170941,0.422505,0.620611,0.821443,2.740912,2.870676,3.684201,0.590656,0.788087,0.984863,4.282546,4.564314,5.273068,0.938267,0.984863,-0.0779,8.749723,7.459305,0.980467,1.15389,1.694193,0.508481,1.564635,1.796726,23.212143,2.054258,477,1.130527,1.155706,1.143117,329,1.555682,1.543207,1.549444,0.837906,0.65096,0.410366,0.328787,0.32836,14.747132,22.515401,0.358692,0.425425,1.24291,1.134468,0.15015,0.15015,0.658145,0.599057,0.605154,0.557358,9.389577,13.040351,5.284642,9.383442,0.072913,0.091608,0.004969,0.004085,1.134459,0.678519,0.751079,0.680695,0.892237,-0.005593,1.588577,0.633195,0.571407,0.57145,0.913439,0.091665,C
-1.335059,-0.003785,0.445096,0.572728,0.803092,2.03676,3.674729,3.698953,0.566597,0.720348,0.916479,3.580495,5.707452,5.717639,0.627337,0.916479,-0.101913,7.655208,11.401843,1.821455,2.366342,3.303421,0.837191,2.548501,3.349939,51.731343,2.531428,428,2.767759,2.777523,2.772629,498,3.447384,3.29501,3.37135,0.348504,1.031541,0.72366,0.730633,0.654883,25.266525,35.467464,0.45045,0.667334,1.801802,1.79346,0.183517,0.15015,0.878554,0.959475,0.640298,0.63098,13.481929,14.596361,10.919748,19.470251,0.864848,1.400852,0.035442,0.041121,2.084654,0.653562,0.489607,0.655526,0.809996,-0.0021,3.202818,0.777977,0.384038,0.703569,0.791849,0.052524,C
1.194176,2.169191,0.554943,0.414973,0.763866,2.372406,2.338587,2.412392,0.718527,0.540975,0.899408,4.228536,4.029782,4.756971,1.049321,0.899408,-0.183187,7.204694,73.755192,0.945288,1.475481,1.926503,0.51658,1.432897,2.08488,32.055383,2.180516,361,1.280342,1.27642,1.278381,400,2.134346,2.040903,2.087741,0.645749,0.682303,0.301221,0.628759,0.40153,15.471041,22.824811,0.225225,0.433767,1.134468,1.309643,0.15015,0.3003,0.547622,0.706865,0.672913,0.594231,11.497923,12.691334,3.897845,9.778681,0.075273,0.354796,0.004889,0.01579,0.826227,0.998834,1.114556,1.002479,0.891429,0.016794,1.899853,0.523398,0.468237,0.508666,0.868328,0.018814,C
0.638837,0.65828,0.576889,0.537501,0.87694,2.270112,3.669069,3.669202,0.720182,0.717062,1.016287,4.183979,6.583622,6.593433,0.635513,1.016287,-0.004528,9.736475,66.903604,2.190104,1.852531,3.156487,0.886231,2.959103,2.534743,38.86413,2.405359,452,2.863142,2.955961,2.909449,559,2.383698,2.524575,2.454137,0.354061,1.140388,0.671339,0.609476,0.573059,51.525396,34.649897,0.383717,0.358692,1.418085,1.459793,0.233567,0.166834,0.694775,0.699186,0.62057,0.687259,30.842169,23.807819,20.065479,10.206273,0.617748,0.635805,0.012135,0.018692,3.665274,0.932623,0.444005,0.908091,0.859269,0.016415,1.894831,0.814927,0.58503,0.799306,0.805031,0.018051,C
-0.72161,0.770484,0.503845,0.596453,0.856417,1.888743,2.603599,2.959746,0.625036,0.76415,0.987216,3.614857,4.833518,5.593879,0.747873,0.987216,-0.128367,8.930655,16.1977,1.778158,1.450252,2.535911,0.777658,2.444497,2.020776,34.040611,2.284734,462,2.582157,2.664197,2.623266,579,2.047758,1.806296,1.927027,0.495204,0.78081,0.624084,0.429969,0.471426,27.635547,23.728664,0.392059,0.308642,1.685018,1.451451,0.175175,0.15015,0.783193,0.653626,0.66074,0.710585,17.158701,18.679825,9.839173,4.672794,0.637672,0.376044,0.023619,0.016103,1.973538,0.69981,0.518845,0.673658,0.819067,0.029023,1.122029,0.868146,0.845484,0.856022,0.806091,0.041892,C
-0.46685,0.735296,0.546504,0.534671,0.852225,3.076665,2.349036,3.172668,0.71817,0.681537,0.990081,5.35058,4.419378,5.409805,1.210709,0.990081,0.26228,8.905284,50.646812,1.281935,2.389741,2.94429,0.801631,1.839154,3.239119,39.621831,2.387344,540,1.873261,1.780678,1.827056,565,3.544254,3.425919,3.485087,0.38986,0.85845,0.414804,0.790377,0.550036,20.269284,27.872292,0.258678,0.559079,1.301736,2.036048,0.1502,0.250334,0.610731,0.991828,0.744808,0.650179,16.527754,12.503683,3.391255,13.884092,0.350275,1.484517,0.017585,0.056258,0.794556,1.052337,1.189961,1.042544,0.78092,-0.026879,2.377263,0.673666,0.415557,0.63546,0.751225,0.033244,C
-0.953554,-0.782704,0.268157,0.349667,0.481261,1.405173,1.603731,1.662834,0.343469,0.433772,0.553289,2.111077,2.851032,2.949968,0.740461,0.553289,-0.501533,2.430196,32.421265,0.457853,1.094649,1.270648,0.175086,0.680809,1.505161,62.680249,2.258776,620,0.522897,0.509084,0.516002,489,1.552308,1.377522,1.464915,1.221957,0.310502,0.30193,0.553593,0.420349,3.627899,8.953721,0.233567,0.533867,1.001001,1.626627,0.15015,0.15015,0.492383,0.820964,0.665244,0.618391,2.896946,4.198182,0.712457,4.498608,0.018496,0.256931,0.005124,0.029543,0.144929,0.174938,1.120726,0.176035,0.85296,0.027421,0.773846,0.354136,0.623279,0.35364,0.828214,0.001483,C
1.48819,0.281946,0.332841,0.549545,0.705518,2.354436,2.937129,2.981216,0.436491,0.697477,0.8228,3.622564,5.340322,5.554266,0.678342,0.8228,0.263212,5.53761,14.218438,1.34056,3.420147,3.922311,0.720441,1.786883,4.495384,84.911479,2.829993,604,1.790563,1.947202,1.868753,761,4.521627,5.313724,4.917676,0.29988,0.840304,0.712229,1.100555,0.885114,16.006739,41.739824,0.383717,0.525526,1.54321,2.510844,0.316984,0.15015,0.728622,1.168845,0.691761,0.697467,11.424071,19.786556,4.226174,18.733312,0.356494,3.219956,0.022779,0.083592,0.788827,0.378873,0.626857,0.382987,0.773542,-0.011563,2.640652,0.990019,0.479337,1.002563,0.658506,-0.008561,C
-0.051542,-0.194077,0.506258,0.663437,0.920128,2.656432,3.320387,4.14597,0.643786,0.865156,1.078404,4.576326,5.088586,6.188303,0.899332,1.078404,0.048535,10.488919,4.596853,1.56028,1.156238,2.126535,0.683446,2.163254,1.746993,24.304609,2.128904,462,2.187055,2.126218,2.156703,585,1.472969,1.446058,1.459514,0.581503,0.61029,0.545005,0.308189,0.367951,21.023993,14.943804,0.367034,0.308642,1.526527,1.317985,0.158492,0.15015,0.751707,0.637142,0.661004,0.708033,14.160477,11.749054,6.498338,2.941747,0.365178,0.253003,0.017677,0.017222,1.530406,0.620394,0.565045,0.598413,0.822464,0.031596,0.753415,0.393105,0.607592,0.33647,0.808936,0.156113,C
0.333216,2.869126,0.549244,0.602188,0.902592,2.295424,2.972218,3.11713,0.703932,0.757768,1.034279,4.537585,4.90549,5.561834,0.925001,1.034279,-0.079444,10.025347,23.561681,1.783405,1.927386,2.90948,0.855403,2.519724,2.659147,34.790663,2.337851,734,2.331959,2.272533,2.302206,706,2.688235,2.442739,2.565661,0.501626,0.802606,0.574189,0.565987,0.513203,22.345997,26.585739,0.367034,0.483817,1.685018,1.618285,0.15015,0.15015,0.819665,0.831913,0.695188,0.676175,14.055222,13.739985,7.550314,12.06289,0.740461,0.782865,0.034272,0.03034,1.329832,0.939938,0.79322,0.939666,0.749571,0.000625,1.550827,0.758968,0.589008,0.693738,0.759895,0.084888,C
0.727012,-0.648414,0.316856,0.329567,0.504959,1.399701,1.377629,1.701166,0.398033,0.412228,0.573029,2.490861,2.573424,2.905039,0.967917,0.573029,0.324978,2.925683,41.922168,1.304132,1.811094,2.444878,0.378006,1.743033,2.351748,100.178995,2.684179,454,1.75178,1.751833,1.751807,646,2.426218,2.322938,2.374658,0.516929,0.640289,0.727829,0.971778,0.770844,11.584046,13.826379,0.575576,0.809142,1.568235,1.84351,0.241909,0.15015,0.860324,1.036808,0.57522,0.56207,5.056973,4.0534,6.345167,9.257046,0.181906,0.515933,0.015954,0.038762,1.211458,0.255578,0.38986,0.244748,0.848943,0.022985,1.516077,0.293317,0.340508,0.279517,0.784736,0.022366,C
-0.835896,-1.280662,0.283269,0.346648,0.498411,1.194046,1.322486,1.350671,0.366634,0.438469,0.571555,2.172217,2.508382,2.65318,0.865983,0.571555,0.051035,3.026999,7.919111,0.759086,0.702856,1.149303,0.18361,1.056153,1.009689,45.516492,2.132326,596,0.930923,0.965638,0.948251,529,0.824139,0.806468,0.815304,1.333658,0.330799,0.473874,0.358548,0.367123,8.586224,8.142439,0.266934,0.283617,1.151151,1.009343,0.191859,0.15015,0.56514,0.522184,0.697046,0.653329,6.896985,6.344604,1.601363,1.741494,0.087877,0.056341,0.01034,0.006968,0.354573,0.259759,0.82918,0.26022,0.82584,-0.004727,0.383988,0.236264,0.745316,0.230362,0.869132,0.043031,C
-1.577688,-4.021673,0.337848,0.41462,0.596445,1.513251,1.990801,2.330108,0.429768,0.521221,0.675553,2.904411,3.898052,4.230587,0.745093,0.675553,0.174535,4.158584,20.978824,0.989568,1.295757,1.80125,0.349919,1.381739,1.841332,51.924844,2.311175,501,1.258102,1.283604,1.270853,671,1.696637,1.716615,1.706626,0.838118,0.464455,0.517958,0.552641,0.480805,9.7867,15.948908,0.342009,0.316984,1.326326,1.54321,0.191859,0.15015,0.693825,0.739795,0.643291,0.714599,6.215237,10.976111,3.461021,4.510779,0.110443,0.462018,0.011414,0.029833,0.714069,0.163675,0.361358,0.126917,0.848547,0.124941,0.772752,0.453869,0.694107,0.442847,0.76238,0.033665,C
-0.70641,0.124017,0.522689,0.590996,0.873139,2.523721,3.872437,3.87301,0.664289,0.792319,1.033948,4.417928,5.838383,6.014625,0.756704,1.033948,0.232042,9.652628,26.31967,1.513022,1.656483,2.479687,0.71584,2.088993,2.287972,30.796262,2.245456,465,2.022995,2.156183,2.089589,496,2.439531,2.0139,2.226286,0.482957,0.765506,0.511884,0.495647,0.452146,25.606807,25.92334,0.275275,0.35035,1.451451,1.434768,0.166834,0.158492,0.659073,0.695775,0.68158,0.663193,18.480502,17.963205,6.916573,7.519135,0.209732,0.441,0.008258,0.017306,1.610265,0.778564,0.648332,0.774187,0.844971,0.006505,1.718668,0.759359,0.594942,0.725695,0.830146,0.04366,C
-1.395923,-0.352587,0.536684,0.499225,0.824074,2.773829,2.313807,2.784231,0.698342,0.636742,0.945051,4.689827,4.075254,4.691416,1.150806,0.945051,0.015315,8.382772,85.298405,1.708971,2.549793,3.401075,0.895664,2.410297,3.307767,48.637948,2.518475,693,1.955904,1.939534,1.947719,911,3.33783,3.593694,3.465762,0.344045,0.981327,0.5631,0.903188,0.657075,40.13233,31.465579,0.375375,0.4004,1.109443,1.768435,0.258592,0.383717,0.594746,0.874392,0.586187,0.732117,26.767853,21.404635,13.123683,8.817659,0.240794,1.243285,0.006036,0.041138,2.330558,0.687149,0.480506,0.658949,0.861774,0.028588,1.098808,0.649228,0.645217,0.638407,0.61963,0.01918,P
-0.537134,-1.248485,0.369663,0.49966,0.67925,1.720252,3.219445,3.24432,0.479404,0.662328,0.817623,3.010592,5.134287,5.190883,0.58637,0.817623,0.283344,5.741283,20.37336,1.053754,1.638065,2.135687,0.437913,1.507268,2.283181,44.593894,2.317232,517,1.248432,1.315122,1.281777,382,2.122642,2.458753,2.290256,0.585276,0.740447,0.504085,0.579731,0.50058,16.614092,27.214343,0.308642,0.425425,1.29296,1.39306,0.2002,0.15015,0.621994,0.707929,0.650638,0.599792,11.842336,15.775196,4.668042,11.157513,0.103715,0.281634,0.006282,0.010457,0.947167,0.474166,0.669475,0.472342,0.866982,0.004804,2.344618,0.777785,0.523014,0.752642,0.876568,0.02535,P
0.601631,1.814546,0.275132,0.608134,0.712052,1.608587,2.139336,2.213594,0.356588,0.741774,0.823033,2.93854,3.906036,3.961163,0.752307,0.823033,0.161536,4.921578,5.709735,0.757083,1.00111,1.388486,0.276458,1.045453,1.431574,33.820787,2.102107,624,0.886002,0.862086,0.874063,941,1.302724,1.343737,1.323231,1.125987,0.388103,0.4866,0.291107,0.310452,9.987664,9.546382,0.342009,0.283617,0.984318,0.900901,0.35035,0.15015,0.526492,0.543448,0.601008,0.724271,7.915265,8.279792,2.0172,1.127658,0.055199,0.138933,0.005557,0.014768,0.42659,0.196254,0.62796,0.190993,0.863552,0.029196,0.21412,0.255602,1.188301,0.270969,0.682417,0.169202,P
-1.117277,0.963847,0.484703,0.693061,0.935002,2.15571,2.676056,2.737481,0.618564,0.873929,1.070688,4.27542,4.418001,4.659676,0.967727,1.070688,-0.00703,10.19195,0.57116,1.611394,1.30509,2.289653,0.693833,2.144504,1.883809,26.931413,2.180077,571,1.957292,1.932763,1.945027,644,1.716645,1.763758,1.740238,0.537675,0.809692,0.58789,0.332996,0.389872,31.729344,19.173844,0.367034,0.308642,1.159493,1.092759,0.166834,0.15015,0.62818,0.653062,0.640199,0.7191,21.643805,13.846644,9.74408,4.975334,0.341458,0.351866,0.010879,0.018694,1.736446,0.751915,0.60882,0.74698,0.849961,0.006635,0.728666,0.562111,0.816643,0.532389,0.774709,0.134099,P
0.045999,-0.534216,0.560055,0.573487,0.886455,2.777723,3.675206,3.876271,0.724593,0.74686,1.040594,5.223833,6.512929,6.572327,0.802071,1.040594,0.119917,10.129675,37.916193,3.768112,3.831503,5.976616,1.75364,4.943812,5.132067,70.730472,2.954513,961,5.018627,5.140257,5.079442,683,5.193202,4.955015,5.074109,0.175354,1.375895,1.18977,1.181451,1.073406,57.317581,62.142632,0.417084,0.725726,1.901902,2.135469,0.358692,0.258592,0.898238,1.089147,0.684718,0.604822,35.908872,18.556872,19.022212,39.823867,2.386497,3.761893,0.043445,0.064437,2.918236,1.038742,0.457841,1.054011,0.651775,-0.009339,5.583359,1.13254,0.3446,1.155397,0.739342,-0.009378,P
-2.346761,-2.211441,0.457354,0.693961,0.916733,3.076554,2.762858,3.11498,0.591228,0.860004,1.043627,4.96641,5.282203,5.282211,0.940215,1.043627,-0.120438,9.516769,8.715965,3.882685,7.690155,9.211674,2.382076,4.840874,9.180408,116.036796,3.564731,1086,5.622437,5.667355,5.644917,1136,11.080993,11.323741,11.202474,0.072191,0.754979,1.501239,1.959612,1.599782,27.097297,29.254269,0.375375,0.842509,4.67968,4.854855,0.191859,0.316984,1.477334,2.795492,0.821902,0.68541,17.720665,9.685316,6.46374,8.045039,2.912892,11.523914,0.120445,0.649954,0.553456,0.66614,1.279774,0.668126,0.381654,0.006033,0.555894,0.472645,39.96,1.525494,0.136867,0.142564,P
-1.962691,0.768054,0.776725,0.620186,1.102894,4.081995,2.660081,4.224656,1.019853,0.765331,1.275081,6.783466,4.818482,6.940458,1.407801,1.275081,-0.052757,14.695646,84.863197,1.270303,2.113255,2.713577,0.992336,1.958102,2.810558,22.136057,2.172322,489,1.505903,1.422098,1.464,694,2.925712,2.762433,2.84419,0.437794,0.980272,0.289208,0.60256,0.391718,58.96455,34.558912,0.225225,0.4004,0.692359,1.434768,0.158492,0.15015,0.377155,0.778832,0.633341,0.70296,53.922255,21.645239,4.886445,12.000774,0.155849,0.912899,0.00265,0.027132,1.504482,1.39201,0.954237,1.383322,0.896195,0.06683,1.729845,1.216776,0.792129,1.215158,0.75775,0.002855,P
0.649076,-3.20345,0.657491,0.816092,1.163512,2.657622,3.569241,3.914929,0.82166,1.01976,1.309594,5.152608,6.421214,6.823212,0.802435,1.309594,0.042936,15.783263,5.57915,5.371186,6.715581,9.439652,3.418431,6.500246,8.360104,71.721736,3.235654,1156,7.532244,7.171448,7.35169,1077,9.497571,9.181992,9.339781,0.069452,1.465951,1.444609,1.455172,1.291666,56.001914,103.731918,0.52535,0.542028,1.801201,2.551701,0.1501,0.52535,0.914299,1.045108,0.689037,0.706133,26.145438,42.82055,27.579682,53.902674,2.276793,7.008694,0.042379,0.072461,1.818551,1.348597,0.740205,1.355595,0.488318,-0.008603,3.426309,1.953383,0.572683,1.948839,0.506124,0.002089,P
-0.429143,0.975122,0.409018,0.426482,0.662495,1.59909,1.695175,2.161165,0.524293,0.541811,0.753951,2.853994,3.163544,3.434225,0.902151,0.753951,0.167173,5.280488,39.437747,0.399711,0.732904,0.907611,0.198791,0.735988,1.097209,20.604997,1.875405,612,0.431028,0.415551,0.423303,434,0.834298,0.86359,0.84891,1.659306,0.30443,0.172812,0.30389,0.218113,3.155714,12.69808,0.291959,0.25025,0.925926,0.934268,0.15015,0.15015,0.474232,0.460473,0.604448,0.637491,2.565839,10.429264,0.580176,2.219252,0.009699,0.049564,0.003083,0.003919,0.13497,0.068464,0.528671,0.043699,0.884647,0.352204,0.507935,0.70299,1.190928,0.69562,0.899806,-0.030156,P
0.448638,-0.924539,0.304525,0.392065,0.555854,1.367922,1.558775,1.567196,0.38549,0.506254,0.636314,2.477201,3.003203,3.036494,0.824853,0.636314,0.181519,3.618375,16.670391,0.942377,1.950926,2.346128,0.391949,1.263552,2.562323,77.729331,2.557704,696,1.18787,1.203256,1.195575,965,2.785303,2.988193,2.886748,0.762051,0.376584,0.547232,0.879939,0.671979,9.658682,9.395404,0.308642,0.316984,1.301301,4.029029,0.208542,0.191859,0.658229,1.396034,0.703907,0.828053,7.099189,6.932741,2.42609,1.354318,0.133403,1.108345,0.014005,0.133744,0.411433,0.243552,0.713638,0.241575,0.78912,0.012079,0.174001,0.177385,1.036805,0.179191,0.40663,0.140174,P
-1.050685,2.479245,0.632025,0.848712,1.188096,2.544479,3.653813,3.666829,0.834894,1.103017,1.383363,4.960462,5.613382,5.827503,0.883685,1.383363,0.076171,17.312393,7.554927,2.253271,2.301887,3.585269,1.307822,2.9888,3.056981,24.826263,2.294764,843,3.060185,2.99505,3.027618,914,3.191851,3.216026,3.203925,0.339538,0.826425,0.630448,0.479616,0.480436,49.754663,21.898643,0.283617,0.316984,1.151151,2.04371,0.175175,0.275275,0.598765,0.93239,0.71894,0.779083,40.38862,15.900109,8.744202,4.870095,0.621841,1.12844,0.012656,0.05433,1.550991,1.44958,0.955042,1.45065,0.726983,-0.008026,0.447441,0.219989,0.104824,0.050783,0.482377,0.324989,P
2.2048,0.547997,0.601121,0.60741,0.94062,3.638278,2.581038,4.444258,0.775308,0.748726,1.077819,5.865716,4.580681,6.671197,1.280533,1.077819,0.128469,10.854024,52.597981,1.531073,2.871263,3.545726,1.033404,2.169973,3.823292,39.161664,2.450985,600,1.751187,1.895894,1.82342,720,3.86523,3.705254,3.785131,0.325135,1.123733,0.450406,0.835913,0.600145,28.828575,44.347394,0.342009,0.658992,1.117784,1.659993,0.258592,0.191859,0.621373,0.912564,0.615754,0.621944,19.042259,18.602766,9.539041,24.276521,0.247274,1.468107,0.008652,0.034238,1.810081,0.461957,0.399127,0.371715,0.861753,0.118318,3.49991,0.955511,0.41666,0.914677,0.766387,0.024943,P
0.469734,-0.967351,0.469946,0.692518,0.921256,3.509979,3.544834,3.567666,0.613584,0.871105,1.065509,5.320281,6.109554,6.119997,0.870813,1.065509,-0.168894,9.932712,12.638749,1.663385,2.341847,3.184115,0.947283,2.300028,3.208687,38.429758,2.404447,519,2.059462,2.026053,2.042757,584,3.062972,3.224101,3.143398,0.371867,1.085821,0.625914,0.597995,0.550267,29.23113,43.94131,0.417084,0.467134,1.251251,1.659993,0.358692,0.45045,0.68418,0.782417,0.603492,0.633258,18.372581,25.032329,10.478697,17.319553,0.379853,1.589428,0.013166,0.037529,2.095192,0.793449,0.572001,0.807474,0.853441,-0.015683,2.860876,0.805869,0.420243,0.723762,0.792702,0.061978,P
0.295227,2.158218,0.444962,0.420915,0.678391,2.210046,1.508173,2.268926,0.57058,0.507152,0.76339,3.957247,3.005702,4.090598,1.31658,0.76339,-0.161665,5.384076,63.076092,0.86548,1.420852,1.817213,0.398895,1.23886,1.896692,40.461442,2.233592,646,1.066243,1.048356,1.057313,805,2.014611,1.995197,2.004904,0.953309,0.406505,0.343957,0.596931,0.426472,10.733498,9.031244,0.316984,0.425425,1.001001,2.160494,0.15015,0.15015,0.567605,0.985497,0.678814,0.737983,8.354067,5.192314,2.266127,3.363665,0.113304,0.475264,0.010669,0.055548,0.421734,0.208632,0.58782,0.175889,0.822945,0.16065,0.371741,0.176551,0.429932,0.128899,0.627374,0.186334,P
0.632065,-0.781112,0.410499,0.347069,0.597472,1.675524,1.660676,1.881985,0.518914,0.436458,0.678061,3.192329,3.294536,3.354385,0.968977,0.678061,0.123464,4.237498,72.313452,1.596133,2.409591,3.193022,0.626805,2.155802,3.146952,90.331471,2.759827,589,1.938765,1.996421,1.967593,783,3.062564,3.376406,3.219485,0.380735,0.80238,0.687587,1.227716,0.850842,17.490157,17.034641,0.633967,0.842509,1.618285,2.235569,0.15015,0.625626,0.869763,1.206871,0.556532,0.564146,6.332177,3.451722,10.753889,12.327644,0.404092,1.255275,0.02365,0.079552,1.659626,0.320666,0.332471,0.264974,0.83305,0.086618,1.639513,0.330754,0.308753,0.317937,0.697873,0.016815,P
-0.423731,0.675431,0.877052,0.894585,1.40456,4.61581,4.069174,4.995079,1.125199,1.147998,1.607474,7.804998,7.485095,7.983069,1.042739,1.607474,0.011606,24.352783,15.025383,2.129953,2.7408,3.837529,1.805582,2.999072,3.759847,18.890775,2.229192,430,2.710055,2.693371,2.701694,642,3.689446,3.777788,3.733548,0.288021,1.322007,0.429452,0.541783,0.434987,68.252264,66.184408,0.35035,0.375375,1.134468,1.618285,0.15015,0.15015,0.593829,0.757614,0.628677,0.705058,49.331291,44.294323,18.338611,19.685227,0.582361,2.204858,0.008606,0.034462,3.826174,2.626741,0.806333,2.621357,0.878416,0.004766,3.132765,1.365876,0.533908,1.20764,0.759521,0.098105,P
-1.324167,-2.338431,0.714481,0.689826,1.098531,2.9391,3.590445,3.868007,0.919075,0.896549,1.283939,5.450729,6.208857,6.818956,0.877896,1.283939,0.106074,15.448095,51.584048,2.173272,2.512462,3.683133,1.312303,3.01751,3.413116,28.581774,2.351313,605,2.523676,2.729032,2.626354,736,3.346127,3.233183,3.289578,0.311292,1.204853,0.53789,0.644065,0.53379,53.958866,43.101404,0.4004,0.492159,1.29296,1.659993,0.175175,0.367034,0.663447,0.831463,0.634597,0.657107,33.326068,21.916454,19.990985,19.825864,0.641813,1.359086,0.012038,0.032559,3.151901,1.494765,0.633628,1.468474,0.836941,0.019445,2.619042,1.225642,0.593328,1.182356,0.761769,0.03444,P
0.669951,-0.128872,0.322752,0.42972,0.590026,1.482264,1.526252,1.55772,0.406562,0.522775,0.662259,2.841523,2.855449,2.923762,0.995123,0.662259,0.186456,3.937,18.136828,0.896119,1.075811,1.551687,0.291812,1.235265,1.499707,47.248232,2.232691,558,1.092874,1.07371,1.083275,615,1.439834,1.240227,1.34003,0.852973,0.500452,0.490984,0.442711,0.418696,11.629024,10.745867,0.367034,0.550551,1.126126,1.234568,0.35035,0.567234,0.573931,0.746929,0.600566,0.592819,8.774565,4.462658,2.783637,6.105814,0.070821,0.177395,0.006127,0.016785,0.60329,0.309147,0.676525,0.307481,0.862344,0.006911,0.735018,0.153704,0.322712,0.11159,0.833365,0.141555,P
0.42085,-1.783268,0.389047,0.416358,0.624986,1.392176,1.652186,1.745238,0.478923,0.512339,0.701326,2.656405,3.074606,3.119209,0.863982,0.701326,0.082947,4.610319,25.432048,0.693748,1.061136,1.389934,0.282081,1.019217,1.478258,36.141803,2.12088,468,0.785566,0.80817,0.796893,431,1.472548,1.310596,1.391572,0.985345,0.432281,0.315333,0.450686,0.35407,9.776177,17.215091,0.291959,0.333667,0.942609,1.19286,0.175175,0.158492,0.49166,0.593718,0.609385,0.634765,7.714241,12.416618,2.026925,4.663065,0.035011,0.135408,0.003594,0.007928,0.452605,0.152868,0.473112,0.117622,0.900257,0.175102,0.907115,0.485166,0.69378,0.480418,0.869273,0.013449,P
-0.406818,-0.178468,0.46215,0.673855,0.885616,1.837619,2.209796,2.558428,0.590487,0.806027,0.999177,3.489232,4.269784,4.841865,0.817192,0.999177,-0.039793,8.966498,3.586264,1.036745,1.116803,1.682207,0.45779,1.470271,1.627879,22.490717,2.044115,378,1.332098,1.310179,1.321109,608,1.474275,1.428061,1.45113,0.774026,0.557159,0.396697,0.293076,0.302412,21.150908,17.030284,0.308642,0.316984,1.001001,1.117784,0.208542,0.15015,0.509146,0.584598,0.607252,0.686463,16.67093,13.735027,4.373416,3.077974,0.106562,0.217283,0.005064,0.012924,1.01639,0.684006,0.800331,0.680826,0.899533,0.010461,0.682065,0.429499,0.71622,0.394894,0.818698,0.125841,P
0.220614,0.340108,0.362354,0.312797,0.528804,1.30295,1.199041,1.447534,0.445097,0.390616,0.592193,2.558918,2.292347,2.746597,1.116287,0.592193,-0.065178,3.27105,76.76863,1.10044,1.303718,1.893386,0.336024,1.509288,1.741147,69.390286,2.4304,609,1.441289,1.426409,1.433849,843,1.821685,1.628034,1.724859,0.741669,0.46908,0.537035,0.73704,0.570045,15.92078,8.742536,0.283617,0.500501,1.259593,1.835169,0.175175,0.45045,0.614186,0.898692,0.707686,0.672541,12.478679,4.341904,3.233333,4.046878,0.208768,0.353754,0.013287,0.04217,0.687734,0.392606,0.710594,0.394771,0.812368,-0.008048,0.485214,0.133352,0.325329,0.100179,0.702472,0.127363,P
-0.416473,-0.117619,0.747999,0.493221,0.982697,2.87298,1.849366,2.939791,0.914172,0.609385,1.098663,4.820241,3.309249,4.962869,1.456597,1.098663,0.142067,10.396783,80.588705,1.313565,0.872841,1.736681,0.506236,1.941994,1.274145,20.024782,2.022359,359,1.694506,1.651653,1.673079,574,1.094576,1.080785,1.087693,0.651552,0.697989,0.310542,0.312942,0.281362,27.629761,10.977972,0.417084,0.333667,0.967634,1.017684,0.408742,0.15015,0.559754,0.568255,0.521987,0.659568,18.271262,8.264221,9.233834,2.599116,0.124665,0.114636,0.004532,0.010553,1.807233,1.230873,0.806855,1.219568,0.916306,0.021496,0.476486,0.532793,1.075085,0.537883,0.837041,0.065663,P
2.586409,1.101686,0.742736,0.781017,1.179809,3.752342,3.243564,4.956375,0.970521,1.01202,1.402176,6.62106,6.342559,8.078803,1.04391,1.402176,0.303333,17.64581,41.069306,2.295264,2.271023,3.609734,1.449934,3.308394,3.225356,24.531564,2.293061,535,3.010719,2.88035,2.945535,669,2.98579,2.928048,2.956919,0.347816,1.132471,0.546472,0.514199,0.487112,51.728458,37.766273,0.483656,0.517011,1.259173,1.58439,0.1501,0.1501,0.736291,0.845138,0.60058,0.651267,26.535766,18.120441,24.346511,18.536887,0.846181,1.108945,0.01663,0.030252,3.944293,1.689947,0.604261,1.689034,0.841801,0.000537,2.522373,1.368645,0.659407,1.319798,0.777737,0.043638,P
0.721041,0.032787,0.388335,0.392043,0.608757,1.655096,1.411676,1.693154,0.47768,0.484611,0.68046,3.203465,2.700949,3.280972,1.186051,0.68046,0.065678,4.355105,38.814741,0.883313,1.026971,1.491015,0.292577,1.237978,1.380794,41.055854,2.177903,592,1.114819,1.062684,1.088796,744,1.376737,1.323251,1.35003,0.981517,0.374612,0.402234,0.463228,0.389945,11.112459,10.691004,0.283522,0.3002,1.284189,1.359239,0.183456,0.158439,0.578364,0.632933,0.684543,0.71837,8.85058,8.447373,2.161145,2.069319,0.100735,0.174312,0.009148,0.016575,0.482429,0.427091,0.928296,0.42633,0.830723,0.01198,0.392007,0.206815,0.603907,0.182381,0.758604,0.124648,P
-0.070048,-1.350869,0.596431,0.729585,1.044176,2.386801,2.700212,2.700456,0.754749,0.897526,1.172689,4.543495,4.960546,5.051603,0.915926,1.172689,0.319608,12.102052,30.70907,1.115109,0.99809,1.66742,0.5252,1.700344,1.606853,16.51706,1.964474,441,1.34507,1.343463,1.344267,512,1.227511,1.130654,1.178988,0.729291,0.623411,0.330618,0.241916,0.254236,20.561863,15.752571,0.316984,0.291959,1.042709,1.001001,0.15015,0.15015,0.54891,0.527918,0.603895,0.636931,14.43708,12.046651,6.040164,3.624982,0.08462,0.080938,0.004132,0.005165,1.26187,0.950891,0.847958,0.939197,0.895337,0.037514,0.86336,0.615629,0.781729,0.560543,0.877016,0.190335,P
-1.305173,-1.450918,0.38457,0.526923,0.718851,1.655154,2.596063,2.619011,0.47955,0.684452,0.835729,3.086537,4.902545,4.902606,0.629578,0.835729,-0.056807,6.178496,4.443347,1.411444,2.115657,2.805014,0.646483,1.950374,2.916792,54.425071,2.487076,655,1.725394,1.736065,1.730729,654,2.966168,2.766628,2.866551,0.463593,0.800272,0.649021,0.710015,0.621242,16.663002,32.640809,0.425425,0.500501,1.526527,1.701702,0.15015,0.175175,0.741676,0.831685,0.645642,0.656695,9.743966,16.223006,6.610838,15.336134,0.308198,1.08167,0.018845,0.034274,1.204023,0.420564,0.521135,0.415954,0.815386,0.008456,2.063939,0.60525,0.425518,0.553649,0.769994,0.052145,P
0.876793,1.305898,0.300258,0.495668,0.636556,2.424764,1.956851,2.440112,0.405542,0.631513,0.750515,3.570123,3.71053,3.833875,0.96216,0.750515,0.161431,4.765316,9.717498,0.593059,1.010072,1.269977,0.241086,0.885167,1.476975,31.948527,2.062526,711,0.637793,0.672623,0.655208,642,1.331728,1.299649,1.315714,1.274319,0.389259,0.34928,0.360356,0.317632,8.528707,13.882886,0.266934,0.291959,0.767434,0.992659,0.166834,0.15015,0.450604,0.56196,0.630535,0.713332,7.19747,11.582808,1.291663,2.132721,0.039574,0.167358,0.004662,0.012202,0.25656,0.389608,1.261616,0.381555,0.853918,-0.04494,0.566027,0.774006,1.209353,0.769532,0.807903,-0.015249,P
1.53255,-1.632359,0.422043,0.450692,0.685434,2.081104,2.024317,2.417874,0.546658,0.587853,0.802749,3.727875,3.789747,4.328251,0.983674,0.802749,-0.232696,5.892555,36.323009,1.407678,1.919369,2.633256,0.589274,2.005952,2.586834,53.571792,2.456929,469,1.831346,1.765449,1.798397,731,2.771759,2.350915,2.561337,0.540825,0.763723,0.589816,0.753092,0.611635,19.588922,20.334216,0.475475,0.500501,1.418085,1.801802,0.158492,0.15015,0.73043,0.906123,0.597283,0.676494,10.149171,10.034752,9.18602,9.542246,0.253731,0.757219,0.013123,0.038679,1.668963,0.457618,0.459894,0.437928,0.861208,0.02831,1.321537,0.541391,0.526918,0.515268,0.735014,0.038593,P
1.919014,-1.16383,0.533106,1.199014,1.401656,3.464853,4.751896,5.12943,0.681307,1.538972,1.683037,5.496939,9.134183,9.326093,0.601799,1.683037,-0.245289,19.164883,7.557994,0.846823,1.800938,2.152385,0.870484,1.47749,3.048767,13.463578,1.976819,680,0.92326,0.891023,0.907166,473,2.364601,2.424624,2.394613,0.709611,0.768513,0.280898,0.26561,0.24448,22.415253,77.899738,0.283617,0.225225,0.850851,1.059393,0.15015,0.15015,0.483014,0.518074,0.635177,0.7429,18.054361,68.412734,4.237344,8.368965,0.123548,1.11804,0.005542,0.014561,0.846138,0.764771,0.9428,0.762767,0.880535,0.022274,2.467611,4.762621,1.49046,4.756748,0.822273,-0.001546,P
-0.312406,0.153236,0.302768,0.329571,0.495426,1.233432,1.223023,1.419443,0.383783,0.41377,0.564354,2.232917,2.410219,2.785859,0.926437,0.564354,-0.104076,2.977746,27.05618,0.947726,1.768248,2.149136,0.323289,1.223356,2.150794,86.521295,2.565679,988,1.236846,1.293734,1.265319,1113,2.405761,2.504617,2.455189,0.992392,0.368878,0.553532,0.948776,0.690637,8.121815,10.073363,0.266934,0.325325,0.975976,1.526527,0.15015,0.15015,0.612776,0.949455,0.781291,0.81253,7.075632,7.327281,0.937145,2.358346,0.109038,0.387736,0.013608,0.040032,0.168267,0.225938,1.263647,0.229039,0.658834,0.029126,0.218357,0.341368,1.558185,0.340916,0.502238,-0.001492,P
0.263036,0.334108,0.265911,0.573201,0.679495,1.264354,2.998542,3.029585,0.333842,0.738108,0.810095,2.168155,5.066487,5.106229,0.42794,0.810095,-0.229362,4.522028,7.30957,2.057213,5.329948,6.067483,1.045635,2.611832,6.610917,160.850364,3.493971,974,2.866758,2.839191,2.852961,999,7.589329,7.483792,7.53656,0.174548,0.662746,1.368084,1.644318,1.421633,8.588976,32.020226,0.684017,0.925926,3.678679,4.129129,0.15015,0.15015,1.428808,1.826592,0.711088,0.655597,3.257541,6.993248,4.303414,17.613469,1.02802,7.413509,0.135964,0.30128,0.386333,0.161517,0.405202,0.151144,0.519427,0.036738,1.474466,0.585149,0.275487,0.488594,0.428369,0.069939,P
-0.648482,-1.238491,0.304724,0.305288,0.474457,1.064247,1.398055,1.755984,0.365282,0.374237,0.522957,2.103341,2.438215,2.644535,0.862656,0.522957,-0.032039,2.576081,26.455248,0.651872,0.865831,1.198216,0.175861,0.897408,1.156502,55.759957,2.204146,570,0.785221,0.762322,0.773791,557,1.096735,1.040373,1.068554,1.131667,0.353001,0.37829,0.501525,0.402072,8.146105,7.550547,0.291959,0.458792,0.884218,1.209543,0.191859,0.15015,0.482003,0.66923,0.62672,0.618491,6.720226,4.09746,1.388367,3.348253,0.037513,0.104833,0.004626,0.01408,0.294722,0.159747,0.673312,0.14916,0.860845,0.086678,0.48003,0.171127,0.509995,0.153922,0.844579,0.078679,P
1.13127,-3.459366,0.429204,0.498702,0.724035,1.707506,1.698595,1.835288,0.520501,0.612844,0.804052,2.931157,3.251756,3.506288,0.901408,0.804052,0.168512,5.928212,22.884681,0.651332,0.970201,1.285826,0.296655,1.008638,1.409565,26.001911,2.01235,446,0.676627,0.627878,0.652198,397,1.23413,1.205531,1.219831,0.907822,0.526962,0.268355,0.344026,0.28274,16.128728,16.486406,0.258592,0.342009,0.583917,0.984318,0.216884,0.166834,0.367185,0.540745,0.562766,0.597703,14.833937,11.795601,1.254791,4.583926,0.04,0.106879,0.002486,0.006525,0.467968,0.334042,0.817914,0.323184,0.920846,0.082199,0.895405,0.498722,0.7068,0.479894,0.898701,0.055451,P
0.44607,-0.298781,0.213046,0.370422,0.46693,1.008315,2.067031,2.125727,0.28331,0.482072,0.559158,1.750755,3.299431,3.429915,0.530623,0.559158,0.347947,2.414121,15.99749,0.450214,1.00712,1.184419,0.155639,0.642598,1.412806,58.8157,2.216894,754,0.557632,0.555128,0.556379,549,1.419035,1.211362,1.315198,1.418452,0.315454,0.373693,0.480789,0.403849,3.047185,10.068399,0.283617,0.442109,0.867534,1.334668,0.158492,0.15015,0.51888,0.692124,0.690625,0.638848,2.583557,6.078396,0.435796,3.791902,0.027831,0.198101,0.009218,0.02007,0.093475,0.049022,0.577642,0.039318,0.789005,0.200973,0.635369,0.322792,0.652544,0.313977,0.825633,0.032432,P
0.378486,-2.40061,0.383816,0.513473,0.704893,1.800466,2.688894,2.773329,0.513733,0.671556,0.845523,3.439005,4.658215,4.744504,0.738267,0.845523,-0.344753,6.105916,25.909541,0.794563,1.061514,1.470419,0.330185,1.145612,1.546628,28.869355,2.074607,420,0.960727,0.899651,0.930262,427,1.415091,1.279229,1.34716,0.806021,0.520132,0.366079,0.365576,0.332111,12.131231,22.382176,0.308642,0.25025,0.992659,0.925926,0.15015,0.15015,0.497715,0.484269,0.597507,0.6579,9.505566,18.211787,2.58832,4.030281,0.037345,0.140108,0.003088,0.006299,0.610285,0.37042,0.745522,0.358305,0.906696,0.056615,0.97893,1.153387,1.092263,1.143862,0.882168,-0.046984,P
-1.444885,0.046674,0.936149,0.773165,1.335834,5.320731,2.947257,5.424661,1.235559,0.954594,1.561364,8.63195,5.362207,8.638558,1.609775,1.561364,-0.026727,22.229743,87.07508,2.635821,2.56973,4.054313,1.80776,3.774415,3.637634,21.863999,2.293412,377,3.585332,3.565898,3.575615,537,3.598226,3.894008,3.746117,0.296756,1.557537,0.497899,0.58774,0.483203,136.483217,50.223328,0.291959,0.392059,1.042709,1.710043,0.216884,0.15015,0.529568,0.82623,0.636699,0.689932,104.292917,29.384096,31.3684,19.083347,0.8219,1.755885,0.006058,0.036228,6.797456,2.938537,0.619749,2.894921,0.892055,0.015628,3.47439,1.421517,0.537412,1.315316,0.782092,0.062519,P
1.739287,-0.636348,1.113309,0.864575,1.558192,5.433701,4.368966,5.52838,1.424501,1.124625,1.814933,9.618993,7.937784,9.774731,1.211798,1.814933,0.105961,30.034856,78.026223,4.297476,6.755674,8.666799,4.19241,5.506752,8.301206,34.592337,2.778351,803,5.998166,5.971329,5.984747,1031,9.756862,10.055277,9.906069,0.080829,1.539726,0.682602,1.381771,0.885529,156.120105,87.115858,0.316984,0.383717,1.159493,4.379379,0.208542,0.15015,0.718346,1.498039,0.760428,0.816725,117.601626,53.091486,35.5324,24.250857,2.986079,9.773515,0.0195,0.126367,4.443035,4.026056,0.930622,4.021185,0.69373,0.008418,1.795464,2.552873,1.585164,2.576383,0.391939,0.009949,P
0.727092,1.59229,0.463883,0.703083,0.911946,1.572156,2.074816,2.166302,0.569133,0.859545,1.030888,3.019785,4.118849,4.23384,0.733162,1.030888,-0.308608,8.773167,18.022172,1.113615,1.735702,2.220017,0.626368,1.54547,2.408878,30.335179,2.206556,941,1.683707,1.579072,1.631389,795,2.730455,2.560118,2.645287,0.736307,0.419137,0.424519,0.436555,0.387572,6.346767,16.866473,0.275275,0.342009,2.210544,1.726727,0.15015,0.15015,1.038424,0.982189,0.849586,0.811203,5.053931,11.404891,0.961976,4.703354,0.33086,0.758228,0.054998,0.047071,0.116426,0.140436,1.326261,0.156797,0.527143,0.19513,0.458778,0.659857,1.442721,0.712142,0.599826,0.10402,P
2.31946,-1.905787,1.129417,1.116787,1.759211,4.770429,4.315333,5.161108,1.430785,1.383176,1.990056,9.213954,7.831773,10.158513,1.176484,1.990056,-0.18171,36.691723,50.275879,5.88333,3.894116,7.72682,4.186082,7.479612,5.104674,25.245236,2.585516,586,7.889931,8.229694,8.059522,796,5.042326,5.163858,5.103168,0.108073,2.332862,0.921168,0.616607,0.699275,169.49953,92.797881,0.784117,0.375375,1.284618,1.509843,0.15015,0.15015,0.946265,0.80423,0.574428,0.698622,55.329373,58.462619,110.255882,32.306673,3.914275,2.028589,0.023639,0.022349,17.072945,3.638377,0.372052,3.450869,0.808553,0.026758,5.278376,2.973005,0.662698,2.852376,0.747948,0.050337,P
0.318122,0.43862,0.430721,0.458479,0.706833,2.163118,2.349806,2.499205,0.584334,0.582315,0.824947,4.044268,3.970893,4.058118,1.018478,0.824947,-0.106787,6.378754,45.928528,0.855545,1.429415,1.820748,0.400546,1.228384,1.923524,34.218487,2.183145,763,1.132841,1.137618,1.135229,662,1.837985,2.043674,1.940674,0.747571,0.532291,0.35125,0.551326,0.410108,11.322378,23.465599,0.233567,0.316984,0.692359,1.101101,0.15015,0.191859,0.520137,0.639008,0.768178,0.70885,10.169753,17.232959,1.018772,5.818818,0.133854,0.413822,0.011963,0.017952,0.251524,0.581896,1.825087,0.616536,0.745127,0.048057,0.822333,0.627988,0.835741,0.624748,0.765721,0.014412,P
2.65457,-0.994509,0.410177,0.397421,0.630539,1.045897,1.999499,2.00413,0.463586,0.506136,0.686356,1.943805,3.413724,3.496409,0.569409,0.686356,0.071174,4.412669,19.494804,0.321953,0.819917,0.938848,0.190956,0.610106,1.193736,25.505904,1.931331,917,0.40897,0.376578,0.392774,561,0.994032,0.959388,0.97671,1.705188,0.264009,0.138801,0.364828,0.237054,1.137887,9.770065,0.325325,0.375375,0.759092,1.092759,0.275275,0.15015,0.558359,0.596669,0.68398,0.606888,0.915538,6.61304,0.209757,3.071067,0.012592,0.085957,0.01119,0.008876,0.035581,0.010222,0.107473,0.001212,0.757579,0.477985,0.53871,0.22277,0.542478,0.186143,0.868744,0.146847,P
0.713387,0.301417,0.362252,0.435555,0.623679,1.526393,1.890323,2.231181,0.442883,0.538092,0.696913,2.773036,3.495088,3.807587,0.793409,0.696913,0.276375,4.318149,27.331167,0.798381,1.152956,1.531024,0.281748,1.139747,1.571062,42.518313,2.19627,624,0.860407,0.921892,0.891199,781,1.459402,1.389734,1.424568,1.022305,0.431468,0.389735,0.468101,0.390828,12.691615,12.992262,0.291861,0.3002,0.917278,1.309206,0.208472,0.191795,0.494116,0.644536,0.635146,0.709751,10.527206,9.756096,2.097216,3.032645,0.067193,0.20352,0.005322,0.015914,0.471296,0.26409,0.700105,0.25587,0.856625,0.044343,0.528362,0.24265,0.540371,0.206641,0.762634,0.130494,P
0.667173,-0.043316,0.558064,0.574497,0.873084,2.528431,2.609242,2.773229,0.690594,0.720949,0.998343,4.287914,4.843349,4.989973,0.88532,0.998343,-0.164228,9.259713,37.659001,0.956542,1.162445,1.67364,0.484454,1.433087,1.71005,21.674848,2.033197,653,1.165714,1.126561,1.146137,719,1.506135,1.500212,1.503174,0.867504,0.476009,0.303103,0.357812,0.30519,15.956608,15.434619,0.258506,0.325217,0.97565,1.209139,0.1501,0.1501,0.516852,0.640299,0.68803,0.691398,13.095298,11.375991,2.737125,3.834973,0.124185,0.223654,0.007844,0.014703,0.590811,0.924706,1.312277,0.930521,0.835739,0.011533,0.678793,0.816455,1.133814,0.82746,0.78847,0.053306,P
0.425898,-2.051278,0.640804,0.788951,1.117876,2.41794,3.022932,3.391,0.807451,1.006549,1.290395,4.410828,5.771365,5.982349,0.764261,1.290395,-0.032596,15.315369,4.172919,0.909709,0.936314,1.440749,0.508429,1.42015,1.574307,11.277362,1.845012,598,1.009295,1.141564,1.075318,786,1.109515,1.141112,1.125293,0.954017,0.480876,0.251042,0.209866,0.205192,16.637651,22.677712,0.216884,0.241909,0.934268,0.592259,0.15015,0.15015,0.465764,0.406746,0.699438,0.660611,14.205467,20.861904,2.340569,1.688942,0.091614,0.126866,0.005537,0.005626,0.565601,1.185494,1.550847,1.194726,0.852075,0.008839,0.463294,1.336424,2.038623,1.46965,0.810375,0.066707,P
1.241646,-3.183414,0.447695,0.663464,0.887281,1.919717,2.209187,2.209324,0.551227,0.807053,0.977336,3.549642,4.174998,4.177516,0.850214,0.977336,-0.316147,7.957433,19.495086,1.539366,2.387173,3.11151,0.847839,2.16491,3.2994,46.87539,2.46957,681,1.875903,1.956026,1.915964,874,3.381153,3.215615,3.298289,0.472056,0.764831,0.608036,0.636263,0.558309,20.678666,24.581923,0.492159,0.417084,1.376376,2.160494,0.4004,0.166834,0.750352,0.995406,0.578233,0.713756,10.533284,14.487748,9.811377,8.61308,0.334005,1.481095,0.016417,0.064114,1.427156,0.305279,0.337263,0.244576,0.811449,0.101989,1.210586,0.304348,0.232052,0.185096,0.642797,0.170216,P
2.605348,-2.030942,0.335179,0.524191,0.686425,1.416125,1.70297,1.717904,0.431635,0.636464,0.769023,2.791853,3.376012,3.380239,0.826968,0.769023,-0.172438,5.102032,11.707749,0.706826,1.220937,1.528808,0.310486,0.98651,1.689792,35.92167,2.146217,808,0.910964,0.931843,0.921391,685,1.634584,1.53103,1.582807,0.942569,0.517318,0.372911,0.411883,0.354589,8.573408,21.097147,0.266934,0.325325,0.684017,0.817484,0.15015,0.15015,0.503805,0.563951,0.72032,0.685225,7.344176,16.374082,1.160069,4.512967,0.069163,0.210098,0.008133,0.010059,0.185317,0.124595,0.712383,0.110204,0.766259,0.180948,0.727823,0.475327,0.743096,0.452061,0.801942,0.084507,P
0.776783,1.222163,0.541288,0.659628,0.945852,2.025473,2.542295,2.836388,0.673406,0.851786,1.085824,3.423804,4.825971,4.994426,0.709454,1.085824,0.222036,10.544751,21.557009,0.927059,1.304417,1.75689,0.526448,1.355973,1.946145,19.973538,2.024662,485,1.06788,1.0217,1.04479,413,1.566945,1.564977,1.565961,0.735124,0.745418,0.302865,0.349693,0.295724,16.232963,30.489904,0.316984,0.358692,0.850851,1.017684,0.183517,0.2002,0.496388,0.560735,0.599085,0.594921,12.711152,22.011891,3.436884,8.259146,0.084927,0.218867,0.005259,0.00723,0.738322,0.577412,0.863566,0.568117,0.893255,0.05532,1.647572,0.497987,0.426641,0.359597,0.893434,0.191116,P
-0.708497,-0.800798,0.466417,0.711986,0.933087,2.423353,3.586807,3.60008,0.606632,0.907559,1.091635,4.138616,6.160263,6.160562,0.671825,1.091635,-0.028612,10.375994,1.977607,1.220488,2.505386,2.99868,0.793209,1.652602,3.311443,34.645527,2.346766,795,1.386225,1.537336,1.46178,841,3.579717,3.126061,3.352889,0.42493,0.91777,0.462732,0.622261,0.51165,24.088435,52.307658,0.258592,0.358692,0.884218,1.317985,0.166834,0.325325,0.489105,0.681785,0.676194,0.719054,20.16841,41.151015,3.798893,10.036209,0.121131,1.120434,0.005054,0.021889,0.80972,0.652849,0.875498,0.650107,0.825616,0.015828,1.722177,0.926328,0.612255,0.859127,0.708744,0.076754,P
0.268076,-1.346882,0.930665,0.949494,1.448217,4.199459,3.079528,4.447592,1.158516,1.114526,1.607584,7.24065,5.779273,8.119201,1.252865,1.607584,0.456561,21.659034,47.423732,1.120577,1.599104,2.157902,0.976082,1.927747,2.384808,11.943712,1.948616,537,1.230806,1.336546,1.283676,599,1.844449,1.858782,1.851616,0.659002,0.819736,0.212921,0.29782,0.237226,30.417893,33.492567,0.233567,0.4004,0.984318,1.067734,0.15015,0.158492,0.471511,0.619339,0.684213,0.600443,25.932571,21.675712,4.353954,11.509744,0.131369,0.307111,0.004338,0.009254,1.109338,1.726578,1.330767,1.823896,0.869994,0.095945,1.884861,0.719936,0.464423,0.507631,0.85523,0.227788,P
3.524215,-1.546033,0.291584,0.58036,0.693267,1.135226,2.508233,2.520035,0.359408,0.73194,0.815421,2.100152,4.83947,4.839491,0.433963,0.815421,0.085866,4.941559,3.170306,0.69879,1.282292,1.593485,0.302926,0.970349,1.79791,38.657239,2.17977,640,0.894677,0.82553,0.860158,613,1.724269,1.717658,1.720964,0.880279,0.357961,0.423792,0.390714,0.365942,5.627541,13.475297,0.383717,0.375375,1.142809,1.659993,0.15015,0.15015,0.650865,0.772037,0.657508,0.694364,3.747758,8.921266,1.801249,4.167408,0.078534,0.386623,0.014153,0.029539,0.27189,0.163006,0.707995,0.154795,0.815621,0.074844,0.756592,0.28068,0.444002,0.212372,0.782388,0.171737,P
